<?xml version="1.0" encoding="UTF-8"?>
<!--
    This XML file provides all the text to be used when the application
    is to be displayed in English.
-->
<properties>
    <property_list>

        <!-- ENGLISH LANGUAGE SETTINGS FOR DESKTOP JAVA FRAMEWORK CONTROLS -->

        <!-- WELCOME DIALOG TEXT -->
        <property name="WELCOME_DIALOG_TITLE"               value="Welcome to Office Hours"></property>
        <property name="WELCOME_DIALOG_RECENT_WORK_LABEL"   value="Recent Work"></property>
        <property name="WELCOME_DIALOG_NEW_BUTTON_TEXT"  value="Create New Office Hours"></property>

        <!-- GENERIC APP ERROR MESSAGES -->
        <property name="APP_ERROR_TITLE"            value="Application Error"></property>
        <property name="APP_ERROR_CONTENT"          value="An Error Occured in the Application"></property>

        <!-- PROPERTIES ERROR MESSAGES -->
        <property name="PROPERTIES_ERROR_TITLE"     value="Properties File Error"></property>
        <property name="PROPERTIES_ERROR_CONTENT"   value="There was an Error Loading a Properties File"></property>

        <!-- FILE TOOLBAR TOOLTIPS -->
        <property name="NEW_BUTTON_TOOLTIP"         value="New Office Hours"></property>
        <property name="LOAD_BUTTON_TOOLTIP"        value="Load Office Hours"></property>
        <property name="CLOSE_BUTTON_TOOLTIP"       value="Close Office Hours"></property>
        <property name="SAVE_BUTTON_TOOLTIP"        value="Save Office Hours"></property>
        <property name="EXPORT_BUTTON_TOOLTIP"      value="Export Office Hours"></property>
        <property name="EXIT_BUTTON_TOOLTIP"        value="Exit"></property>

        <!-- CLIPBOARD TOOLBAR TOOLTIPS -->
        <property name="CUT_BUTTON_TOOLTIP"         value="Cut"></property>
        <property name="COPY_BUTTON_TOOLTIP"        value="Copy"></property>
        <property name="PASTE_BUTTON_TOOLTIP"       value="Paste"></property>

        <!-- UNDO TOOLBAR TOOLTIPS -->
        <property name="UNDO_BUTTON_TOOLTIP"        value="Undo"></property>
        <property name="REDO_BUTTON_TOOLTIP"        value="Redo"></property>

        <!-- HELP TOOLBAR TOOLTIPS -->
        <property name="HELP_BUTTON_TOOLTIP"        value="Help"></property>
        <property name="LANGUAGE_BUTTON_TOOLTIP"    value="Change Langauge"></property>
        <property name="ABOUT_BUTTON_TOOLTIP"       value="About"></property>

        <!-- NEW FEEDBACK DIALOGS -->	
        <property name="NEW_SUCCESS_TITLE"      value="New Complete"></property>
        <property name="NEW_SUCCESS_CONTENT"	value="Work Created but not yet Saved"></property>
        <property name="NEW_ERROR_TITLE"        value="Warning: Error"></property>
        <property name="NEW_ERROR_CONTENT"      value="An error occured creating New work."></property>

        <!-- LOAD FEEDBACK DIALOGS -->
        <property name="LOAD_WORK_TITLE"        value="Load Work"></property>
        <property name="LOAD_SUCCESS_TITLE"     value="Load Complete"></property>
        <property name="LOAD_SUCCESS_CONTENT"   value="The File has Loaded Successfully and can now be edited."></property>
        <property name="LOAD_ERROR_TITLE"       value="Loading Error"></property>        
        <property name="LOAD_ERROR_CONTENT"     value="Loading has Failed. Likely there is a File Formating problem."></property>

        <!-- SAVE FEEDBACK DIALOGS -->
        <property name="SAVE_WORK_TITLE"        value="Save Work"></property>
        <property name="SAVE_SUCCESS_TITLE"     value="Save Complete"></property>
        <property name="SAVE_SUCCESS_CONTENT"   value="The file is saved."></property>
        <property name="SAVE_ERROR_TITLE"       value="Save Error"></property>
        <property name="SAVE_ERROR_CONTENT"     value="Saving has Failed. Likely due to a file access problem."></property>
        <property name="SAVE_VERIFY_TITLE"	value="Save unsaved work?"></property>
        <property name="SAVE_VERIFY_CONTENT"	value="Would you like to save your unsaved work first?"></property>

        <!-- ABOUT DIALOG -->
        <property name="ABOUT_TITLE"            value="About OH"></property>
        <property name="ABOUT_CONTENT"          value="OH, the Office Hours Manager - Debugging Enterprises - © 2018"></property>


        <!-- ENGLISH LANGUAGE SETTINGS SPECIFICALLY FOR TDLM CONTROLS -->

        <!-- LANGUAGE-DEPENDENT TEXT FOR OH WORKSPACE CONTROLS -->
        <property name="OH_TAS_HEADER_LABEL_TEXT"           value="Teaching Assistants"></property>
        <property name="OH_ALL_RADIO_BUTTON_TEXT"                value="All"></property>
        <property name="OH_GRAD_RADIO_BUTTON_TEXT"               value="Graduate"></property>
        <property name="OH_UNDERGRAD_RADIO_BUTTON_TEXT"          value="Undergraduate"></property>
        <property name="OH_NAME_TEXT_FIELD_PROMPT_TEXT"     value="Name"></property>
        <property name="OH_EMAIL_TEXT_FIELD_PROMPT_TEXT"    value="Email"></property>
        <property name="OH_ADD_TA_BUTTON_TEXT"              value="Add TA"></property>
        <property name="OH_OFFICE_HOURS_HEADER_LABEL_TEXT"  value="Office Hours"></property>
        <property name="OH_NAME_TABLE_COLUMN_TEXT"          value="Name"></property>
        <property name="OH_EMAIL_TABLE_COLUMN_TEXT"         value="Email"></property>
        <property name="OH_SLOTS_TABLE_COLUMN_TEXT"         value="Time Slots"></property>
        <property name="OH_TYPE_TABLE_COLUMN_TEXT"          value="Type"></property>
        <property name="OH_START_TIME_TABLE_COLUMN_TEXT"    value="Start Time"></property>
        <property name="OH_END_TIME_TABLE_COLUMN_TEXT"      value="End Time"></property>
        <property name="OH_MONDAY_TABLE_COLUMN_TEXT"        value="Monday"></property>
        <property name="OH_TUESDAY_TABLE_COLUMN_TEXT"       value="Tuesday"></property>
        <property name="OH_WEDNESDAY_TABLE_COLUMN_TEXT"     value="Wednesday"></property>
        <property name="OH_THURSDAY_TABLE_COLUMN_TEXT"      value="Thursday"></property>
        <property name="OH_FRIDAY_TABLE_COLUMN_TEXT"        value="Friday"></property>
        
        <!-- ERROR DIALOG -->
        <property name="OH_NO_TA_SELECTED_TITLE"        value="No TA Selected"></property>
        <property name="OH_NO_TA_SELECTED_CONTENT"      value="Toggle only possible if TA Selected"></property>
        
        <!-- EDIT TA DIALOG -->
        <property name="OH_TA_DIALOG_HEADER_LABEL_TEXT" value="Edit Teaching Assistant"></property>
        <property name="OH_TA_DIALOG_NAME_LABEL_TEXT" value="Name: "></property>
        <property name="OH_TA_DIALOG_EMAIL_LABEL_TEXT" value="Email: "></property>
        <property name="OH_TA_DIALOG_TYPE_LABEL_TEXT" value="Type: "></property>
        <property name="OH_TA_DIALOG_GRAD_RADIO_BUTTON_TEXT" value="Graduate"></property>
        <property name="OH_TA_DIALOG_UNDERGRAD_RADIO_BUTTON_TEXT" value="Undergraduate"></property>
        <property name="OH_TA_DIALOG_OK_BUTTON_TEXT" value="Ok"></property>
        <property name="OH_TA_DIALOG_CANCEL_BUTTON_TEXT" value="Cancel"></property>

        <!-- TO SWITCH BACK TO ANOTHER LANGUAGE -->
        <property name="LANGUAGE_DIALOG_TITLE"          value="App Language Selection"></property>
        <property name="LANGUAGE_DIALOG_HEADER_TEXT"    value="Choose a Language"></property>
        <property name="LANGUAGE_DIALOG_CONTENT_TEXT"   value="Select a Language for the User Interface."></property>

        <property name="WORK_FILE_EXT"          value="*.ta"></property>
	<property name="WORK_FILE_EXT_DESC"     value="Teaching Assistant Files"></property>
        
        <!-- User Defined language -->
        <!-- 1) site tab-->
        <property name="site_subject_l_TEXT" value="Subject:"></property>
        <property name="site_number_l_TEXT" value="Number:"></property>
        <property name="site_semester_l_TEXT" value="Semester:"></property>
        <property name="site_year_l_TEXT" value="Year:"></property>
        <property name="site_title_l_TEXT" value="Title:"></property>
        <property name="site_exportdir_l_TEXT" value="Exportdir:"></property>
        <property name="site_pages_l_TEXT" value="Pages:"></property>
        <property name="site_css_file_l_TEXT" value="Fonts and Colors Style Sheet:"></property>
        <property name="site_name_l_TEXT" value="Name:"></property>
        <property name="site_room_l_TEXT" value="Room:"></property>
        <property name="site_emial_l_TEXT" value="Email:"></property>
        <property name="site_home_l_TEXT" value="Home:"></property>
        <property name="site_office_l_TEXT" value="Office Hours"></property>
        <property name="site_instructor_l_TEXT" value="Instructor"></property>
        <property name="office_hours_tab_TEXT" value="Office Hours"></property>
        <property name="site_tab_TEXT" value="Site"></property>
        <property name="syllabus_tab_TEXT" value="Syllabus"></property>
        <property name="meeting_times_tab_TEXT" value="Meeting Times"></property>
        <property name="schedule_tab_TEXT" value="Schedule"></property>
        <property name="site_banner_l_TEXT" value="Banner"></property>
        <!--2) syllabus tab-->
        <property name="syllabus_description_TEXT" value="Description:"></property>
        <property name="syllabus_topics_TEXT" value="Topics:"></property>
        <property name="syllabus_prerequisites_TEXT" value="Prerequisites:"></property>
        <property name="syllabus_outcomes_TEXT" value="Outcomes:"></property>
        <property name="syllabus_textbooks_TEXT" value="Textbooks:"></property>
        <property name="syllabus_graded_TEXT" value="Graded Components:"></property>
        <property name="syllabus_grading_TEXT" value="Grading Note:"></property>
        <property name="syllabus_academic_TEXT" value="Academic Dishonesty:"></property>
        <property name="syllabus_special_TEXT" value="Special Assistance:"></property>
        <!--3) Meeting time-->
        <property name="meeting_lectures_TEXT" value="Lectures"></property>
        <property name="meeting_recitations_TEXT" value="Recitations"></property>
        <property name="meeting_labs_TEXT" value="Labs"></property>
        <property name="meeting_section_TEXT" value="Section"></property>
        <property name="meeting_days_TEXT" value="Days"></property>
        <property name="meeting_time_TEXT" value="Time"></property>
        <property name="meeting_room_TEXT" value="Room"></property>
        <property name="meeting_days_and_time_TEXT" value="Days And Time"></property>
        <property name="meeting_ta1_TEXT" value="Ta1"></property>
        <property name="meeting_ta2_TEXT" value="Ta2"></property>
        <property name="meeting_roommr_TEXT" value="Room"></property>
        <property name="meeting_days_and_timemr_TEXT" value="Days And Time"></property>
        <property name="meeting_sectionmr_TEXT" value="Section"></property>
        <property name="meeting_roommb_TEXT" value="Room"></property>
        <property name="meeting_days_and_timemb_TEXT" value="Days And Time"></property>
        <property name="meeting_sectionmb_TEXT" value="Section"></property>
        <!--5) Schedule-->
        <property name="sc_type_TEXT" value="Type"></property>
        <property name="sc_date_TEXT" value="Date"></property>
        <property name="sc_title_TEXT" value="Title"></property>
        <property name="sc_topic_TEXT" value="Topic"></property>
        <property name="schedule_add_update_TEXT" value="Add/Update"></property>
        <property name="schedule_clear_TEXT" value="Clear"></property>
        <property name="schedule_calendar_l_TEXT" value="Calendar Boundarles"></property>
        <property name="schedule_starting_l_TEXT" value="Starting Monday"></property>
        <property name="schedule_ending_l_TEXT" value="Ending Friday"></property>
        <property name="schedule_items_l_TEXT" value="Schedule items"></property>
        <property name="schedule_add_edit_l_TEXT" value="Add/Edit"></property>
        <property name="schedule_type_l_TEXT" value="Type"></property>
        <property name="schedule_date_l_TEXT" value="Date"></property>
        <property name="schedule_title_l_TEXT" value="Title"></property>
        <property name="schedule_topic_l_TEXT" value="Topic"></property>
        <property name="schedule_link_l_TEXT" value="Link"></property>
        
    </property_list>
    
    <!-- TDLM COMBO BOX CHOICES -->
    <property_options_list>
        <property_options name="LANGUAGE_OPTIONS">
            <option>English</option>
        </property_options>
    </property_options_list>
</properties>