{
    "subject": "CSE",
    "number": "219",
    "semester": "Fall",
    "year": "2018",
    "title": "Computer Science III",
    "logos": {
        "favicon": {
            "href": "./images/SBUShieldFavicon.ico"
        },
        "navbar": {
            "href": "https://www.scope.edu/",
            "src": "./images/SBUDarkRedShieldLogo.png"
        },
        "bottom_left": {
            "href": "https://www.scope.edu/",
            "src": "./images/SBUWhiteShieldLogo.jpg"
        },
        "bottom_right": {
            "href": "https://www.scope.edu/",
            "src": "./images/SBUCSLogo.png"
        }
    },
    "instructor": {
        "name":     "Micheal WONGa",
        "link":     "https://www.scope.edu/Home/Programmes/BachelorsDegreeTop-up/BScHonsCSBIT/ProgrammeStructure/BScHonsBusinessInformationTechnology.aspx",
        "email":    "micheal62@my.cityu.edu.hk",
        "room":     "New CS 216",
        "photo":    "./images/michealWong.jpg",
        "hours":    [
            { "day": "Tuesday",     "time": "1:00pm-2:20pm"    },
            { "day": "Wednesday",   "time": "2pm-3pm"       },
            { "day": "Thursday",      "time": "1:00pm-2:20pm"    }
        ]
    },
    "pages": [
        {
            "name": "Home",
            "link": "index.html"
        },
        {
            "name": "Syllabus",
            "link": "syllabus.html"
        },
        {
            "name": "Schedule",
            "link": "schedule.html"
        },
        {
            "name": "HWs",
            "link": "hws.html"
        }
    ]
}