{
    "startingMondayMonth":  "8",
    "startingMondayDay":    "27",
    "endingFridayMonth":    "12",
    "endingFridayDay":      "21",
    
    "holidays": [
        { "month": "9", "day": "3", "title": "LABOR DAY", "link": "https://www.scope.edu/" },
        { "month": "10", "day": "8", "title": "FALL BREAK?<br /><br /><br />", "link": "https://www.scope.edu/" },
        { "month": "10", "day": "9", "title": "FALL BREAK?", "link": "https://www.scope.edu/" },
        { "month": "11", "day": "21", "title": "TRAVEL DAY", "link": "https://www.scope.edu/" },
        { "month": "11", "day": "22", "title": "THANKSGIVING", "link": "https://www.scope.edu/" },
        { "month": "11", "day": "23", "title": "BLACK FRIDAY", "link": "https://www.scope.edu/" },
        { "month": "12", "day": "11", "title": "READING DAY", "link": "https://www.scope.edu/" },
        { "month": "12", "day": "12", "title": "", "link": "" },
        { "month": "12", "day": "13", "title": "", "link": "" },
        { "month": "12", "day": "14", "title": "", "link": "" },
        { "month": "12", "day": "17", "title": "", "link": "" },
        { "month": "12", "day": "18", "title": "", "link": "" },
        { "month": "12", "day": "19", "title": "", "link": "" },
        { "month": "12", "day": "20", "title": "", "link": "" },
        { "month": "12", "day": "21", "title": "", "link": "" }
    ],
    
    "lectures":[
        { "month": "8",     "day": "28",     "title": "Lecture 1",      "topic": "Software<br />Development<br />Lifecycle<br /><br />",    "link": "https://www.scope.edu/" },
        { "month": "8",     "day": "30",     "title": "Lecture 2",      "topic": "Graphical<br />User<br />Interfaces<br /><br />",    "link": "https://www.scope.edu/" },
        { "month": "9",     "day": "4",     "title": "Lecture 3",      "topic": "Event<br />Programming<br /><br />",    "link": "https://www.scope.edu/" },
        { "month": "9",     "day": "6",     "title": "Lecture 4",      "topic": "Graphics<br />&amp; GUIs<br /><br />",    "link": "https://www.scope.edu/" },
        { "month": "9",     "day": "11",     "title": "Lecture 5",      "topic": "Threads<br /><br />",    "link": "https://www.scope.edu/" },
        { "month": "9",     "day": "13",     "title": "Lecture 6",      "topic": "Threads<br />(continued)<br /><br />",    "link": "none" },
        { "month": "9",     "day": "18",     "title": "Lecture 7",      "topic": "Multithreading<br />Issues<br /><br /><br />",    "link": "https://www.scope.edu/" },
        { "month": "9",     "day": "20",     "title": "Lecture 8",      "topic": "Multithreading<br />(continued)<br /><br />",    "link": "none" },
        { "month": "9",     "day": "25",     "title": "Lecture 9",      "topic": "Properties of<br />High Quality Software<br /><br />",    "link": "https://www.scope.edu/" },
        { "month": "9",     "day": "27",     "title": "Lecture 10",      "topic": "OOP++<br /><br />",    "link": "https://www.scope.edu/" },
        { "month": "10",     "day": "2",     "title": "Lecture 11",      "topic": "OOP++<br />(continued)<br /><br /><br />",    "link": "none" },
        { "month": "10",     "day": "4",     "title": "Lecture 13",      "topic": "OOP++<br />(continued)<br /><br />",    "link": "none" },
        { "month": "10",     "day": "11",     "title": "Lecture 13",      "topic": "Object-Oriented Design<br />using UML<br /><br />",    "link": "https://www.scope.edu/" },
        { "month": "10",     "day": "16",     "title": "Midterm Exam",      "topic": "(<a href='https://www.scope.edu/'>Version 1 Solutions</a>)<br />(<a href='https://www.scope.edu/'>Version 2 Solutions</a>)<br /><br />",    "link": "none" },
        { "month": "10",     "day": "18",     "title": "Lecture 15",      "topic": "Object-Oriented Design<br />using UML<br />(continued)<br />",    "link": "none" },
        { "month": "10",     "day": "23",     "title": "Lecture 16",      "topic": "Design Review<br /><br />",    "link": "https://www.scope.edu/" },
        { "month": "10",     "day": "25",     "title": "Lecture 17",      "topic": "Design Review<br />(continued)<br /><br />",    "link": "none" },
        { "month": "10",     "day": "30",     "title": "Lecture 18",      "topic": "Designing<br />with Exceptions",    "link": "https://www.scope.edu/" },
        { "month": "11",     "day": "1",     "title": "Lecture 19",      "topic": "Test-Driven<br />Development<br /><br /><br />",    "link": "https://www.scope.edu/" },
        { "month": "11",     "day": "6",     "title": "Lecture 20",      "topic": "Creational<br />Design Patterns<br /><br />",    "link": "https://www.scope.edu/" },
        { "month": "11",     "day": "8",     "title": "Lecture 21",      "topic": "Structural<br />Design Patterns<br /><br />",    "link": "none" },
        { "month": "11",     "day": "13",     "title": "Lecture 22",      "topic": "Behavioral<br />Design Patterns<br /><br /><br />",    "link": "none" },
        { "month": "11",     "day": "15",     "title": "Lecture 23",      "topic": "Behavioral<br />Design Patterns<br />(continued)<br /><br />",    "link": "none" },
        { "month": "11",     "day": "20",     "title": "NO LECTURE",      "topic": "(Project Work Day)<br /><br />",    "link": "none" },
        { "month": "11",     "day": "27",     "title": "Lecture 25",      "topic": "Code Profiling<br /><br /><br />",    "link": "none" },
        { "month": "11",     "day": "29",     "title": "Lecture 26",      "topic": "Optimization<br />Techniques<br /><br />",    "link": "none" },
        { "month": "12",     "day": "4",     "title": "Guest Lecture",      "topic": "TBA<br /><br />",    "link": "none" },
        { "month": "12",     "day": "6",     "title": "Lecture 28",      "topic": "Final<br />Review<br /><br />",    "link": "none" },        
        { "month": "12",    "day": "20",    "title": "<a href='https://www.scope.edu/'>FINAL EXAM</a>",  "topic": "(8:00am-10:45am)<br />(Cumulative)<br /><br />",   "link": "none" }
    ],
    
    "references": [
        { "month": "8", "day": "30", "title": "Reference", "topic": "JavaFX Examples", "link": "https://www.scope.edu/" },
        {
            "month": "9", "day": "11", "title": "Reference", "topic": "Progress Example", "link": "https://www.scope.edu/"
        },
        { "month": "10", "day": "26", "title": "Drop Deadline", "topic": "Last Day to Drop<br /> with a 'W'", "link": "https://www.scope.edu/" },
        { "month": "10", "day": "15", "title": "Midterm Review", "topic": "5pm, Old CS 2311<br /><br />", "link": "none" }
    ],
    
    "recitations":[
                { "month": "8",     "day": "27",     "title": "NO RECITATION",      "topic": "<br /><br />",    "link": "none" },
        { "month": "8",     "day": "29",     "title": "NO RECITATION",      "topic": "<br /><br />",    "link": "none" },
        { "month": "9",     "day": "5",     "title": "Recitation 1",      "topic": "Debugging<br /><br />",    "link": "none" },
        { "month": "9",     "day": "10",     "title": "Recitation 1",      "topic": "Debugging<br /><br />",    "link": "none" },
        { "month": "9",     "day": "12",     "title": "Recitation 2",      "topic": "Version Control<br /><br />",    "link": "none" },
        { "month": "9",     "day": "17",     "title": "Recitation 2",      "topic": "Version Control<br /><br />",    "link": "none" },
        { "month": "9",     "day": "19",     "title": "Recitation 3",      "topic": "Canvas<br /><br />",    "link": "none" },
        { "month": "9",     "day": "24",     "title": "Recitation 3",      "topic": "Canvas<br /><br />",    "link": "none" },
        { "month": "9",     "day": "26",     "title": "Recitation 4",      "topic": "Front-End<br />Web Technologies<br /><br /><br />",    "link": "none" },
        { "month": "10",     "day": "1",     "title": "Recitation 4",      "topic": "Front-End<br />Web Technologies<br /><br /><br />",    "link": "none" },
        { "month": "10",     "day": "3",     "title": "Recitation 5",      "topic": "Threads<br /><br /><br />",    "link": "none" },
        { "month": "10",     "day": "10",     "title": "NO RECITATION",      "topic": "<br />",    "link": "none" },
        { "month": "10",     "day": "15",     "title": "Recitation 5",      "topic": "Threads<br /><br />",    "link": "none" },
        { "month": "10",     "day": "17",     "title": "Recitation 6",      "topic": "UML<br />Diagrams<br /><br />",    "link": "none" },
        { "month": "10",     "day": "22",     "title": "Recitation 6",      "topic": "UML<br />Diagrams<br /><br />",    "link": "none" },
        { "month": "10",     "day": "24",     "title": "NO RECITATION",      "topic": "<br /><br />",    "link": "none" },
        { "month": "10",     "day": "29",     "title": "Recitation 7",      "topic": "Mock-Ups<br /><br />",    "link": "none" },
        { "month": "10",     "day": "31",     "title": "Recitation 7",      "topic": "Mock-Ups<br /><br />",    "link": "none" },
        { "month": "11",     "day": "5",     "title": "Recitation 8",      "topic": "Unit Testing<br /><br />",    "link": "none" },
        { "month": "11",     "day": "7",     "title": "Recitation 8",      "topic": "Unit Testing<br /><br />",    "link": "none" },
        { "month": "11",     "day": "12",     "title": "Recitation 9",      "topic": "Making Frameworks<br /><br />",    "link": "none" },
        { "month": "11",     "day": "14",     "title": "Recitation 9",      "topic": "Making Frameworks<br /><br />",    "link": "none" },
        { "month": "11",     "day": "19",     "title": "NO RECITATION",      "topic": "<br /><br />",    "link": "none" },
        { "month": "11",     "day": "26",     "title": "Recitation 10",      "topic": "Code Profiling<br /><br />",    "link": "none" },
        { "month": "11",     "day": "28",     "title": "Recitation 10",      "topic": "Code Profiling<br /><br />",    "link": "none" },
        { "month": "12",     "day": "3",     "title": "Recitation 11",      "topic": "Build Tools<br /><br />",    "link": "none" },
        { "month": "12",     "day": "5",     "title": "Recitation 11",      "topic": "Build Tools<br /><br />",    "link": "none" },
        { "month": "12",     "day": "10",     "title": "NO RECITATION",      "topic": "<br /><br />",    "link": "none" }

    ],
    "hws": [
        { "month": "9", "day": "21",    "title": "<a href='./hw/HW1.html'>HW 1</a><br />(<a href='https://www.scope.edu/'>Solutions</a>)",    "topic": "due @ 11:59pm<br />(GUIs &amp; Events)",      "link": "./hw/HW1.html",     "time": "",  "criteria": "none"     },
        { "month": "10", "day": "10",     "title": "<a href='./hw/HW2.html'>HW 2</a><br />(<a href='https://www.scope.edu/'>Solutions</a>)",    "topic": "due @ 11:59pm<br />(GUIs &amp; Events)",      "link": "none",     "time": "",  "criteria": "none"     },
        { "month": "10", "day": "26",    "title": "HW 3",    "topic": "due @ 11:59pm<br />(UML Design)",      "link": "./hw/HW3.html",     "time": "",  "criteria": "none"     },
        { "month": "11", "day": "7",    "title": "HW 4",    "topic": "due @ 11:59pm<br />Implementation<br />Benchmark I",      "link": "./hw/HW4.html",     "time": "",  "criteria": "none"     },
        { "month": "11", "day": "20",    "title": "HW 5",    "topic": "due @ 11:59pm<br />Implementation<br />Benchmark II",      "link": "none",     "time": "",  "criteria": "none"     },
        { "month": "12", "day": "10",    "title": "Final Project",    "topic": "due @ 11:59pm<br />(JavaFX App)",      "link": "none",     "time": "",  "criteria": "none"     }
    ]
}